term,estimate,std.error,statistic,p.value
(Intercept),0.059657552731609,0.07869671967231648,0.758069116222579,0.44847562030398935
Income_2021,0.25070329515332246,0.0013623575776642411,184.02165427314074,0
Education_2021,0.24932256020330115,9.216167513516661e-4,270.5273746789416,0
Housing_2021,0.24973986980676707,0.0010012948673895972,249.41690798620158,0
Labour_Force_Activity_2021,0.24938870086514717,0.001101034378223029,226.50400913697013,0
