.metric,.estimator,.estimate
rmse,standard,0.32118746434694556
rsq,standard,0.9983307807243338
mae,standard,0.2597157697619478
