Income_2021,Education_2021,Housing_2021,Labour_Force_Activity_2021,CWB_2021
75.93084370677731,56.52807745504841,92.37565698478562,82.96293222683263,76.95048409405256
