"Income_2021","Education_2021","Housing_2021","Labour_Force_Activity_2021","CWB_2021"
75.9308437067773,56.5280774550484,92.3756569847856,82.9629322268326,76.9504840940526
